timestamp	candidate_sha256	research_score	dev_ir	val_ir	sharpe	cagr	beta	alpha	max_dd	alpha_tstat	turnover	holdout_sharpe_diagnostic	holdout_cagr_diagnostic	n_dev	n_val	n_holdout	notes
2026-09-05T20:57:56+00:00	9a74e7fcb89d	0.114301221439088	1.2430657825116984	0.114301221439088	0.9339257196397124	0.18746845725204775	0.9753975011094581	0.0586390538398614	-0.23250609529776822	1.6640892107557212	0.47333333333333333	1.6596356936654717	0.2014095471601367	36	24	17	
2026-09-05T20:58:07+00:00	fda4a080d70a	0.26429814327717926	0.879029761773007	0.26429814327717926	1.0739993812469968	0.19966998089942778	0.8297340285878704	0.08498218465911223	-0.22781598423532012	2.1016574339306984	0.25333333333333335	1.3883538029484044	0.15885680417726356	36	24	17	
2026-09-05T20:58:11+00:00	1385a8fb51fb	0.3619621182484785	0.6707351690770649	0.3619621182484785	1.1196324165335994	0.1883271063123111	0.7603016093719698	0.08138710915255516	-0.17762927420273356	2.457521228742839	0.10888888888888888	1.6308727355575803	0.29508415692887646	36	24	17	
2026-09-05T20:58:14+00:00	226de9c746c3	0.2507255372602099	0.7392233360407533	0.2507255372602099	1.1414655474379054	0.1862779162310675	0.7545814625470346	0.07962400009557699	-0.19467826175026182	2.8349153797162123	0.07888888888888891	1.5806926509255437	0.33154467737582216	36	24	17	
2026-09-05T20:58:18+00:00	0bface9ec998	0.22900931480748585	0.7417664750399227	0.22900931480748585	1.082027070306073	0.18843664903307067	0.7786753679828039	0.08012521810782683	-0.19159647698436555	2.165585485274649	0.1388888888888889	1.5042838098575277	0.22689193209675174	36	24	17	
2026-09-05T20:58:21+00:00	a5ecc3c8b842	0.3619621182484785	0.6707351690770649	0.3619621182484785	1.1196324165335994	0.1883271063123111	0.7603016093719698	0.08138710915255516	-0.17762927420273356	2.457521228742839	0.10888888888888888	1.6308727355575803	0.29508415692887646	36	24	17	
2026-09-05T20:58:25+00:00	ee9a961dc802	-0.19761770241097562	0.7300506941732632	-0.19761770241097562	1.0668791440575505	0.1722104713481305	0.7517478136322437	0.06789354837209671	-0.19258466229305582	2.3676647593654945	0.08555555555555557	1.7718000305079489	0.331897992202864	36	24	17	
2026-09-05T20:58:30+00:00	6afc9fb064cf	0.2699764605100673	0.7535026243733557	0.2699764605100673	1.0829357813286657	0.19149533920924866	0.7913870976984813	0.08158369034616031	-0.2028884596107513	2.1701598177929857	0.26222222222222225	1.2363490301283866	0.13329413106946197	36	24	17	
2026-09-06T01:25:14+00:00	9a74e7fcb89d	0.114301221439088	1.2430657825116984	0.114301221439088	0.9339257196397124	0.18746845725204775	0.9753975011094581	0.0586390538398614	-0.23250609529776822	1.6640892107557212	0.47333333333333333	1.6596356936654717	0.2014095471601367	36	24	17	
2026-09-06T01:25:25+00:00	fda4a080d70a	0.26429814327717926	0.879029761773007	0.26429814327717926	1.0739993812469968	0.19966998089942778	0.8297340285878704	0.08498218465911223	-0.22781598423532012	2.1016574339306984	0.25333333333333335	1.3883538029484044	0.15885680417726356	36	24	17	
2026-09-06T01:25:29+00:00	1385a8fb51fb	0.3619621182484785	0.6707351690770649	0.3619621182484785	1.1196324165335994	0.1883271063123111	0.7603016093719698	0.08138710915255516	-0.17762927420273356	2.457521228742839	0.10888888888888888	1.6308727355575803	0.29508415692887646	36	24	17	
2026-09-06T01:25:33+00:00	226de9c746c3	0.2507255372602099	0.7392233360407533	0.2507255372602099	1.1414655474379054	0.1862779162310675	0.7545814625470346	0.07962400009557699	-0.19467826175026182	2.8349153797162123	0.07888888888888891	1.5806926509255437	0.33154467737582216	36	24	17	
2026-09-06T01:25:36+00:00	0bface9ec998	0.22900931480748585	0.7417664750399227	0.22900931480748585	1.082027070306073	0.18843664903307067	0.7786753679828039	0.08012521810782683	-0.19159647698436555	2.165585485274649	0.1388888888888889	1.5042838098575277	0.22689193209675174	36	24	17	
2026-09-06T01:25:40+00:00	a5ecc3c8b842	0.3619621182484785	0.6707351690770649	0.3619621182484785	1.1196324165335994	0.1883271063123111	0.7603016093719698	0.08138710915255516	-0.17762927420273356	2.457521228742839	0.10888888888888888	1.6308727355575803	0.29508415692887646	36	24	17	
2026-09-06T01:25:44+00:00	ee9a961dc802	-0.19761770241097562	0.7300506941732632	-0.19761770241097562	1.0668791440575505	0.1722104713481305	0.7517478136322437	0.06789354837209671	-0.19258466229305582	2.3676647593654945	0.08555555555555557	1.7718000305079489	0.331897992202864	36	24	17	
2026-09-06T01:25:49+00:00	6afc9fb064cf	0.2699764605100673	0.7535026243733557	0.2699764605100673	1.0829357813286657	0.19149533920924866	0.7913870976984813	0.08158369034616031	-0.2028884596107513	2.1701598177929857	0.26222222222222225	1.2363490301283866	0.13329413106946197	36	24	17	
2026-09-06T01:25:56+00:00	1035682d1b55	0.2268433317229794	0.7661361682412854	0.2268433317229794	1.0731799262760429	0.18954318936907422	0.7929381565053023	0.07963129344410508	-0.20724947628418322	2.134130114490816	0.16888888888888895	1.569314503388343	0.22542883396119162	36	24	17	
2026-09-06T01:26:02+00:00	b1bfac83da6d	-0.2793636697570599	0.4988741944896513	-0.2793636697570599	0.9054743543643202	0.15643113396757147	0.7902817974373184	0.05185654345158844	-0.23493241519763797	1.3123681699624938	0.2644444444444444	1.54745356237813	0.16375136456925588	36	24	17	
2026-09-06T01:26:05+00:00	4e7d6812749a	0.3618686247986272	0.6707351690770652	0.3618686247986272	1.1101593668122647	0.1881571280223473	0.7661743587907709	0.0806654346852184	-0.17762927420273356	2.3998269820107345	0.10888888888888888	1.5899824951546757	0.281692183185978	36	24	17	
2026-09-06T01:26:09+00:00	2886a01b0d11	0.2507255372602097	0.7392233360407533	0.2507255372602097	1.1414655474379056	0.1862779162310675	0.7545814625470346	0.079624000095577	-0.19467826175026182	2.8349153797162128	0.07888888888888891	1.5549775940069532	0.3216510859627255	36	24	17	
2026-09-06T01:26:13+00:00	83b2168ccb9b	0.20482884543218596	0.779798582250125	0.20482884543218596	1.0879067636588038	0.1894331337592594	0.7806070401196401	0.08069376715364862	-0.1920609490077092	2.2119139712446154	0.1388888888888889	1.492394515637265	0.21975955492951904	36	24	17	
2026-09-06T01:27:29+00:00	70efd3f87233	0.2529114690281625	1.1879915565125245	0.2529114690281625	0.950344416565692	0.19232800257359672	0.9782279920755116	0.06259399966854567	-0.23875958448091428	1.7484967293354627	0.5033333333333334	1.519412728173158	0.18407953874450445	36	24	17	
2026-09-06T01:27:33+00:00	307fed1f8c62	-0.58687259616799	0.8619161073963627	-0.58687259616799	0.768846126135113	0.1450195422314542	0.9644120078056135	0.022279763777610304	-0.2538144234468426	0.6949386851912145	0.47777777777777775	1.7490772334888713	0.2541461755513088	36	24	17	
2026-09-06T01:27:36+00:00	9a74e7fcb89d	0.114301221439088	1.2430657825116984	0.114301221439088	0.9339257196397124	0.18746845725204775	0.9753975011094581	0.0586390538398614	-0.23250609529776822	1.6640892107557212	0.47333333333333333	1.6596356936654717	0.2014095471601367	36	24	17	
2026-09-06T01:27:40+00:00	aa66d6a837b7	0.30201839602641317	0.7916393273372295	0.30201839602641317	1.0578111987693088	0.19543269876415126	0.8269243235846816	0.08166437575620716	-0.22781598423532012	2.0270660887029672	0.2588888888888889	1.453012966990026	0.1646935872717299	36	24	17	
2026-09-06T01:27:44+00:00	a4abd874c389	0.060590933569300315	0.8776254274908378	0.060590933569300315	1.0560526889489277	0.19224089956402524	0.8178625058127967	0.079737550988081	-0.21673992585414603	2.0349463559863707	0.2077777777777778	1.4536487446155235	0.16936885708699068	36	24	17	
2026-09-06T01:27:48+00:00	8ffc1296508d	0.15612231757013081	1.732561968096081	0.15612231757013081	1.0496011795844773	0.21150697447588174	0.9559832378413111	0.08069250184054552	-0.201481647362445	2.3722868323527195	0.38222222222222224	1.2727054908953053	0.16624009378172122	36	24	17	
2026-09-06T01:27:51+00:00	da5c5d312a1d	-0.09600934710487852	1.2222942964308245	-0.09600934710487852	0.905077070330296	0.1763770630017747	0.9547997555334072	0.05082271674772686	-0.19371170054652975	1.5157024227846265	0.30222222222222234	1.205870469632472	0.12713689535087447	36	24	17	
2026-09-06T01:27:55+00:00	56d24059975c	-0.2784835078265299	0.7552113006193177	-0.2784835078265299	0.9220137275305867	0.16523498360596833	0.8233923520666511	0.055834069865066505	-0.22012803834619155	1.4023226337770556	0.23333333333333336	1.5056619276527672	0.17042256170572045	36	24	17	
2026-09-06T01:27:59+00:00	fda4a080d70a	0.26429814327717926	0.879029761773007	0.26429814327717926	1.0739993812469968	0.19966998089942778	0.8297340285878704	0.08498218465911223	-0.22781598423532012	2.1016574339306984	0.25333333333333335	1.3883538029484044	0.15885680417726356	36	24	17	
2026-09-06T01:28:03+00:00	1385a8fb51fb	0.3619621182484785	0.6707351690770649	0.3619621182484785	1.1196324165335994	0.1883271063123111	0.7603016093719698	0.08138710915255516	-0.17762927420273356	2.457521228742839	0.10888888888888888	1.6308727355575803	0.29508415692887646	36	24	17	
2026-09-06T01:28:07+00:00	226de9c746c3	0.2507255372602099	0.7392233360407533	0.2507255372602099	1.1414655474379054	0.1862779162310675	0.7545814625470346	0.07962400009557699	-0.19467826175026182	2.8349153797162123	0.07888888888888891	1.5806926509255437	0.33154467737582216	36	24	17	
2026-09-06T01:28:11+00:00	0bface9ec998	0.22900931480748585	0.7417664750399227	0.22900931480748585	1.082027070306073	0.18843664903307067	0.7786753679828039	0.08012521810782683	-0.19159647698436555	2.165585485274649	0.1388888888888889	1.5042838098575277	0.22689193209675174	36	24	17	
2026-09-06T01:28:15+00:00	a5ecc3c8b842	0.3619621182484785	0.6707351690770649	0.3619621182484785	1.1196324165335994	0.1883271063123111	0.7603016093719698	0.08138710915255516	-0.17762927420273356	2.457521228742839	0.10888888888888888	1.6308727355575803	0.29508415692887646	36	24	17	
2026-09-06T01:28:19+00:00	ee9a961dc802	-0.19761770241097562	0.7300506941732632	-0.19761770241097562	1.0668791440575505	0.1722104713481305	0.7517478136322437	0.06789354837209671	-0.19258466229305582	2.3676647593654945	0.08555555555555557	1.7718000305079489	0.331897992202864	36	24	17	
2026-09-06T01:28:23+00:00	80212cf588b4	-0.5217488034127017	0.7439364442183579	-0.5217488034127017	0.9939838630391149	0.1615559825869528	0.7651764774766059	0.057262773904024504	-0.18404602334642017	1.9475170880988448	0.10888888888888888	1.8902289821252458	0.2889445195331455	36	24	17	
2026-09-06T01:28:26+00:00	6afc9fb064cf	0.2699764605100673	0.7535026243733557	0.2699764605100673	1.0829357813286657	0.19149533920924866	0.7913870976984813	0.08158369034616031	-0.2028884596107513	2.1701598177929857	0.26222222222222225	1.2363490301283866	0.13329413106946197	36	24	17	
2026-09-06T01:28:30+00:00	166bdb993390	0.30201839602641317	0.7916393273372295	0.30201839602641317	1.0578111987693088	0.19543269876415126	0.8269243235846816	0.08166437575620716	-0.22781598423532012	2.0270660887029672	0.2588888888888889	1.453012966990026	0.1646935872717299	36	24	17	
2026-09-06T01:28:34+00:00	f4abd3a42876	0.3619621182484785	0.6707351690770649	0.3619621182484785	1.1196324165335994	0.1883271063123111	0.7603016093719698	0.08138710915255516	-0.17762927420273356	2.457521228742839	0.10888888888888888	1.6308727355575803	0.29508415692887646	36	24	17	
2026-09-06T01:28:38+00:00	1035682d1b55	0.2268433317229794	0.7661361682412854	0.2268433317229794	1.0731799262760429	0.18954318936907422	0.7929381565053023	0.07963129344410508	-0.20724947628418322	2.134130114490816	0.16888888888888895	1.569314503388343	0.22542883396119162	36	24	17	
2026-09-06T01:28:42+00:00	8989915ad944	-0.39357935585077436	0.6743690797517173	-0.39357935585077436	1.0119854316852934	0.16286043177330378	0.745812079967141	0.06066014476256794	-0.18848490805266171	1.964431866402565	0.10888888888888888	1.4381849856704016	0.2274846411900262	36	24	17	
2026-09-06T01:28:46+00:00	b1bfac83da6d	-0.2793636697570599	0.4988741944896513	-0.2793636697570599	0.9054743543643202	0.15643113396757147	0.7902817974373184	0.05185654345158844	-0.23493241519763797	1.3123681699624938	0.2644444444444444	1.54745356237813	0.16375136456925588	36	24	17	
2026-09-06T01:28:50+00:00	4e7d6812749a	0.3618686247986272	0.6707351690770652	0.3618686247986272	1.1101593668122647	0.1881571280223473	0.7661743587907709	0.0806654346852184	-0.17762927420273356	2.3998269820107345	0.10888888888888888	1.5899824951546757	0.281692183185978	36	24	17	
2026-09-06T01:28:54+00:00	2886a01b0d11	0.2507255372602097	0.7392233360407533	0.2507255372602097	1.1414655474379056	0.1862779162310675	0.7545814625470346	0.079624000095577	-0.19467826175026182	2.8349153797162128	0.07888888888888891	1.5549775940069532	0.3216510859627255	36	24	17	
2026-09-06T01:28:57+00:00	83b2168ccb9b	0.20482884543218596	0.779798582250125	0.20482884543218596	1.0879067636588038	0.1894331337592594	0.7806070401196401	0.08069376715364862	-0.1920609490077092	2.2119139712446154	0.1388888888888889	1.492394515637265	0.21975955492951904	36	24	17	
2026-09-06T01:29:46+00:00	2da4e8005285	0.3619621182484785	0.6707351690770649	0.3619621182484785	1.1196324165335994	0.1883271063123111	0.7603016093719698	0.08138710915255516	-0.17762927420273356	2.457521228742839	0.10888888888888888	1.6308727355575803	0.29508415692887646	36	24	17	
2026-09-06T01:40:56+00:00	d5e37cbfaf20	0.34452579628515057	1.044080475199806	0.34452579628515057	0.9431232525373329	0.18150217595203944	0.9398782756442112	0.05623842004897112	-0.20082731898595896	1.8123158494343157	0.15999999999999998	1.6760824634738287	0.26811667006883555	36	24	17	
2026-09-06T01:40:59+00:00	a91b00f5e310	0.26896981702340017	0.8519224299170016	0.26896981702340017	0.9349267140030825	0.17702612367503434	0.9090480704801697	0.05603708247515017	-0.18452286172228138	1.6285618091269	0.13111111111111112	1.221326996026274	0.21506994177839123	36	24	17	
2026-09-06T01:41:03+00:00	39417e23ac01	-0.26359124254577004	0.4696426762971209	-0.26359124254577004	0.9251983043868429	0.15204248120810182	0.7747017855563647	0.04827564943135456	-0.22718832210015605	1.5080464676115741	0.09555555555555557	2.0234231005625722	0.3499196048810054	36	24	17	
2026-09-06T01:41:07+00:00	f9f5b75cc8f4	0.14783756386773614	0.6974612019677031	0.14783756386773614	1.088797285921312	0.1815288095388472	0.762044653120051	0.07527730006846856	-0.18876766566681846	2.346821209532574	0.08555555555555555	1.6922241953839534	0.31170181112467543	36	24	17	
2026-09-06T01:41:11+00:00	0bfead3bd9de	0.4554180957151758	0.6707351690770649	0.4554180957151758	1.1261921478148724	0.19158781518348977	0.7681701383271654	0.08335194596563722	-0.17762927420273356	2.49020113993748	0.10888888888888888	1.7443279727338772	0.3051405151098523	36	24	17	
2026-09-06T01:41:14+00:00	08bf39213103	0.4554180957151758	0.6707351690770647	0.4554180957151758	1.1261921478148724	0.19158781518348977	0.7681701383271654	0.08335194596563722	-0.17762927420273356	2.4902011399374797	0.10888888888888888	1.6257698532803928	0.276931679402622	36	24	17	
2026-09-06T01:41:18+00:00	af4261e26568	0.2507255372602099	0.7392233360407533	0.2507255372602099	1.1414655474379054	0.1862779162310675	0.7545814625470346	0.07962400009557699	-0.19467826175026182	2.8349153797162123	0.07888888888888891	1.5806926509255437	0.33154467737582216	36	24	17	
2026-09-06T01:41:22+00:00	d1898f6a849e	0.2507255372602099	0.7392233360407533	0.2507255372602099	1.1414655474379054	0.1862779162310675	0.7545814625470346	0.07962400009557699	-0.19467826175026182	2.8349153797162123	0.07888888888888891	1.5806926509255437	0.33154467737582216	36	24	17	
2026-09-06T01:41:26+00:00	7bc7f006f518	0.3541563077205926	0.6178797882889039	0.3541563077205926	1.0842049450166118	0.1841335669254729	0.7715955398845151	0.0766550702157391	-0.19472878471859156	2.275266106023522	0.10888888888888888	1.5209176363932195	0.2794686962238062	36	24	17	
2026-09-06T01:41:30+00:00	6c88e3469279	2.7438992228780635e-05	0.4419171973151788	2.7438992228780635e-05	0.9865444817491874	0.16081754516602498	0.7644672568994589	0.05689045052609967	-0.22167521976662896	1.8680579245804099	0.1011111111111111	2.105625889596532	0.2521407974554388	36	24	17	
2026-09-06T01:41:34+00:00	4ac6ac9976f3	0.5849550535259099	0.6274231692451305	0.5849550535259099	1.128250729249906	0.19470392763322786	0.7749208135576867	0.08543665332226122	-0.18585476070714713	2.4617170171774325	0.10888888888888888	1.738635776837117	0.3456872908534758	36	24	17	
2026-09-06T01:41:38+00:00	b30c81ef895c	0.3619621182484785	0.6707351690770649	0.3619621182484785	1.1196324165335994	0.1883271063123111	0.7603016093719698	0.08138710915255516	-0.17762927420273356	2.457521228742839	0.10888888888888888	1.6308727355575803	0.29508415692887646	36	24	17	
2026-09-06T01:41:42+00:00	49095273f844	0.3619621182484785	0.6707351690770649	0.3619621182484785	1.1196324165335994	0.1883271063123111	0.7603016093719698	0.08138710915255516	-0.17762927420273356	2.457521228742839	0.10888888888888888	1.6308727355575803	0.29508415692887646	36	24	17	
2026-09-06T01:41:47+00:00	68a1cab1a6f1	-0.39357935585077436	0.6743690797517173	-0.39357935585077436	1.0119854316852934	0.16286043177330378	0.745812079967141	0.06066014476256794	-0.18848490805266171	1.964431866402565	0.10888888888888888	1.4381849856704016	0.2274846411900262	36	24	17	
2026-09-06T01:41:51+00:00	93066ed037cd	0.26109688293971767	0.7021193227487011	0.26109688293971767	1.091127597084101	0.1855483576165522	0.7752238602154942	0.07721690287047786	-0.17631732384526821	2.348807498326734	0.11111111111111112	1.6821674977360357	0.3085943443727457	36	24	17	
2026-09-06T01:41:55+00:00	334b32099118	0.01023378451136893	0.5145068803952437	0.01023378451136893	1.0449238522892728	0.16621413727804946	0.7419887179698191	0.06370277662493623	-0.19122038574763833	2.232533924584656	0.09222222222222222	1.6542831433677245	0.3180329968026294	36	24	17	
2026-09-06T01:41:59+00:00	06e501161326	-0.06425075046334765	0.636996933148769	-0.06425075046334765	1.0164498733834277	0.16933378203362848	0.762363311607923	0.06493233310705235	-0.1831617831325526	1.915722126664107	0.11888888888888888	1.7892818487915205	0.29415873190396913	36	24	17	
2026-09-06T01:42:04+00:00	42fd390c4994	0.31420026649799393	0.8157941111498488	0.31420026649799393	1.0680110840000099	0.19721909286989603	0.8269312398443789	0.08310955448879015	-0.22781598423532	2.0846946436107237	0.2566666666666667	1.3835341147068259	0.1596876770078819	36	24	17	
2026-09-06T01:42:08+00:00	d51ed58c7eb6	0.26429814327717926	0.879029761773007	0.26429814327717926	1.0739993812469968	0.19966998089942778	0.8297340285878704	0.08498218465911223	-0.22781598423532012	2.1016574339306984	0.25333333333333335	1.3883538029484044	0.15885680417726356	36	24	17	
2026-09-06T01:42:13+00:00	69d83d17fe0a	0.12483886825396324	0.879029761773007	0.12483886825396324	1.0505476459281227	0.19401320246276654	0.8262346060960555	0.08058664047410505	-0.22781598423532012	1.986238821885672	0.24666666666666667	1.6713363708591975	0.19195221506668947	36	24	17	
2026-09-06T01:42:17+00:00	7da453ed1bbc	0.3619621182484785	0.6707351690770649	0.3619621182484785	1.1196324165335994	0.1883271063123111	0.7603016093719698	0.08138710915255516	-0.17762927420273356	2.457521228742839	0.10888888888888888	1.6308727355575803	0.29508415692887646	36	24	17	
2026-09-06T01:42:22+00:00	6cba3ece0af3	0.3619621182484785	0.6707351690770649	0.3619621182484785	1.1196324165335994	0.1883271063123111	0.7603016093719698	0.08138710915255516	-0.17762927420273356	2.457521228742839	0.10888888888888888	1.6308727355575803	0.29508415692887646	36	24	17	
2026-09-06T01:42:26+00:00	dddee66ef78e	0.3619621182484785	0.6707351690770649	0.3619621182484785	1.1196324165335994	0.1883271063123111	0.7603016093719698	0.08138710915255516	-0.17762927420273356	2.457521228742839	0.10888888888888888	1.6308727355575803	0.29508415692887646	36	24	17	
2026-09-06T01:42:31+00:00	9f7f99020930	0.5849550535259099	0.6274231692451305	0.5849550535259099	1.128250729249906	0.19470392763322786	0.7749208135576867	0.08543665332226122	-0.18585476070714713	2.4617170171774325	0.10888888888888888	1.738635776837117	0.3456872908534758	36	24	17	
2026-09-06T01:42:36+00:00	ae48bf177771	0.3619621182484785	0.6707351690770649	0.3619621182484785	1.1196324165335994	0.1883271063123111	0.7603016093719698	0.08138710915255516	-0.17762927420273356	2.457521228742839	0.10888888888888888	1.6308727355575803	0.29508415692887646	36	24	17	
2026-09-06T01:43:30+00:00	4d3678abb3e8	0.5660373515858746	0.6274231692451302	0.5660373515858746	1.124070067222318	0.19392570304364076	0.7751698376885711	0.08475103527157773	-0.18585476070714713	2.44086706401832	0.10888888888888888	1.6606797641116144	0.318563670014935	36	24	17	
2026-09-06T01:44:08+00:00	149a2278f64b	0.5849550535259099	0.6274231692451305	0.5849550535259099	1.128250729249906	0.19470392763322786	0.7749208135576867	0.08543665332226122	-0.18585476070714713	2.4617170171774325	0.10888888888888888	1.738635776837117	0.3456872908534758	36	24	17	
2026-09-06T02:40:53+00:00	149a2278f64b	0.5849550535259099	0.6274231692451305	0.5849550535259099	1.128250729249906	0.19470392763322786	0.7749208135576867	0.08543665332226122	-0.18585476070714713	2.4617170171774325	0.10888888888888888	1.738635776837117	0.3456872908534758	36	24	17	
2026-09-06T02:41:28+00:00	bf61c348f3ba	0.3405278850531232	0.7734678402657229	0.3405278850531232	1.1732412431601766	0.1914535216639628	0.7498846851820863	0.0845255269109009	-0.17531602248549538	2.997169440139929	0.07888888888888891	1.4073167817233083	0.24275244225312176	36	24	17	
2026-09-06T02:41:58+00:00	9de9ab71c55c	0.15503058295346742	0.6942819068143663	0.15503058295346742	1.0509839557047658	0.18170431934033715	0.7829268881411448	0.07365973327480506	-0.18966366576903726	2.057749918910579	0.1388888888888889	1.942384913234129	0.29735932983558055	36	24	17	
2026-09-06T02:49:13+00:00	0a0a35d3917c	0.4199207337922014	0.8696670108519254	0.4199207337922014	0.9335419652473497	0.17874797677207788	0.9381934992464209	0.05407712276662558	-0.18416483163184616	1.7589828311781064	0.20999999999999996	1.6060390438743644	0.2274005814525637	36	24	17	
2026-09-06T02:49:17+00:00	2be8850debbf	0.30779866842919906	0.8625520615689273	0.30779866842919906	0.9018529935775752	0.17320221874586594	0.9490999498158043	0.048082715281443776	-0.2008006865862585	1.5665223534600383	0.15999999999999998	1.5122691670603123	0.2667008643058124	36	24	17	
2026-09-06T02:49:22+00:00	377e2530e227	0.20805562722715054	0.6840440563410763	0.20805562722715054	0.8599733364423943	0.1655397448226017	0.9453372618088383	0.042454465796318	-0.2092237053268745	1.2135215503738845	0.13111111111111112	1.381791844538242	0.22616984546478758	36	24	17	
2026-09-06T02:49:27+00:00	4ccb06865f94	-0.44212235511312337	0.5208530183306188	-0.44212235511312337	0.9055736357377479	0.14873915437910057	0.7778681603286464	0.045043901424908855	-0.22681470246735913	1.4066039889634285	0.09555555555555557	2.083953002681466	0.34579494669603483	36	24	17	
2026-09-06T02:49:32+00:00	fceec2f9f60c	0.677245922974874	0.677245922974874	0.7086222448829305	1.1286357629457635	0.1982575526209982	0.7973998454242012	0.08590727132150752	-0.20810047937824216	2.5461017983189524	0.08555555555555555	1.9010139287887557	0.3623020445529659	36	24	17	
2026-09-06T02:49:46+00:00	23feaee98833	0.4030450203445211	0.8793990435848273	0.4030450203445211	0.9683863100960475	0.18347750248770422	0.9116425787241084	0.06095909809581772	-0.20853851215833985	1.8935761438135879	0.09333333333333335	1.520057690509056	0.3148526489066059	36	24	17	
2026-09-06T02:49:51+00:00	bad387cec9ac	0.20805562722715054	0.6840440563410763	0.20805562722715054	0.8599733364423943	0.1655397448226017	0.9453372618088383	0.042454465796318	-0.2092237053268745	1.2135215503738845	0.13111111111111112	1.381791844538242	0.22616984546478758	36	24	17	
2026-09-06T02:49:58+00:00	b62cb36c3d24	0.24336179883319886	1.0378742110277537	0.24336179883319886	0.9219583425851191	0.1782285769063492	0.9490164889140359	0.052546129831924235	-0.21158305968623914	1.676280713803048	0.16777777777777783	1.6852478219907556	0.2722384821807635	36	24	17	
2026-09-06T02:50:05+00:00	4839063e1633	-0.15677859364528088	0.6693004728480699	-0.15677859364528088	1.0618164498136793	0.17058245459241372	0.7530693488298483	0.06616468167780795	-0.19583871634301564	2.4018581277410744	0.07000000000000002	1.7061777829833789	0.29426525171794227	36	24	17	
2026-09-06T02:50:11+00:00	bfbee77546e2	-0.44212235511312337	0.5208530183306188	-0.44212235511312337	0.9055736357377479	0.14873915437910057	0.7778681603286464	0.045043901424908855	-0.22681470246735913	1.4066039889634285	0.09555555555555557	2.083953002681466	0.34579494669603483	36	24	17	
2026-09-06T02:50:17+00:00	1910f1d1786f	-0.3221592728782303	0.4771614188697024	-0.3221592728782303	0.9251335690441632	0.15058191703377544	0.773111531563299	0.04696497097393764	-0.2191729239923983	1.5416318713092185	0.12111111111111111	1.731091550669701	0.2432290034497684	36	24	17	
2026-09-06T02:50:23+00:00	eb102a20b439	1.0604399045425341	1.205170265672481	1.0604399045425341	1.1135880165594911	0.2153907512409472	0.9168634684807155	0.08704611854714249	-0.20101393173188498	2.9822039318364038	0.11222222222222225	1.4831368339024982	0.3064252422996063	36	24	17	
2026-09-06T02:50:29+00:00	5ae68aa5fc36	-0.2370246533318908	1.4474679776023494	-0.2370246533318908	0.9285890037126848	0.17764815217919372	0.9384293235621647	0.05296498312089205	-0.19205415290397587	1.7343195518994672	0.20666666666666672	1.7212297347552656	0.24838000027621954	36	24	17	
2026-09-06T02:50:35+00:00	a18db4c41f3f	0.6104321779688727	0.8173427701815251	0.6104321779688727	1.1618861080635587	0.19686910247467626	0.784528999087157	0.08534895151047295	-0.19715948261547	3.0194411718499827	0.06333333333333332	1.8445583897091178	0.25231059346004825	36	24	17	
2026-09-06T02:50:42+00:00	0f40c81307b1	-0.19644877784366924	0.809445773237401	-0.19644877784366924	1.0400849187455057	0.17542101865641357	0.7723307739842946	0.06910367772747165	-0.1900796467977912	2.0562732315886447	0.10777777777777778	1.8207580815125854	0.3412821876075003	36	24	17	
2026-09-06T02:50:59+00:00	2e4e093306c9	0.7087708174457844	0.7087708174457844	1.463540860674157	1.1915135938696306	0.20789003933506423	0.8020447551013201	0.092941587268133	-0.23413828491530808	3.147222127232891	0.04777777777777779	2.373751478151059	0.39575926605215583	36	24	17	
2026-09-06T02:51:05+00:00	77383c131710	0.15130580148314748	0.7819018366811259	0.15130580148314748	1.0694788734687835	0.18866795621870613	0.7891953559711447	0.07935246426001674	-0.19568660631741308	2.0971140562640618	0.16777777777777783	1.7406564362912769	0.24625634777290673	36	24	17	
2026-09-06T02:51:11+00:00	5f5f3996a12a	0.043307590161358815	0.733069008465801	0.043307590161358815	1.0119467593719864	0.17861235435762368	0.8025810835053218	0.06919899355379112	-0.21840475070181864	1.8522065009931934	0.19666666666666668	1.5216928116400785	0.19201004112365094	36	24	17	
2026-09-06T02:51:19+00:00	352b37f6c9cb	0.056182551017378894	0.7270653882369322	0.056182551017378894	0.99461521967508	0.17899143010859908	0.8222925545542087	0.06773616538594987	-0.23705599237160047	1.7687089348747036	0.22222222222222227	1.4553556947469377	0.1688711661643021	36	24	17	
2026-09-06T02:51:26+00:00	ea8a85397a01	0.5849550535259099	0.6274231692451305	0.5849550535259099	1.128250729249906	0.19470392763322786	0.7749208135576867	0.08543665332226122	-0.18585476070714713	2.4617170171774325	0.10888888888888888	1.738635776837117	0.3456872908534758	36	24	17	
2026-09-06T02:51:32+00:00	2c477f19fc89	0.5849550535259099	0.6274231692451305	0.5849550535259099	1.128250729249906	0.19470392763322786	0.7749208135576867	0.08543665332226122	-0.18585476070714713	2.4617170171774325	0.10888888888888888	1.738635776837117	0.3456872908534758	36	24	17	
2026-09-06T02:51:39+00:00	3d7adb884fd9	0.5849550535259099	0.6274231692451305	0.5849550535259099	1.128250729249906	0.19470392763322786	0.7749208135576867	0.08543665332226122	-0.18585476070714713	2.4617170171774325	0.10888888888888888	1.738635776837117	0.3456872908534758	36	24	17	
2026-09-06T02:51:45+00:00	fe934441d28b	0.5849550535259099	0.6274231692451305	0.5849550535259099	1.128250729249906	0.19470392763322786	0.7749208135576867	0.08543665332226122	-0.18585476070714713	2.4617170171774325	0.10888888888888888	1.738635776837117	0.3456872908534758	36	24	17	
2026-09-06T02:51:51+00:00	162aac27262f	0.5849550535259099	0.6274231692451305	0.5849550535259099	1.128250729249906	0.19470392763322786	0.7749208135576867	0.08543665332226122	-0.18585476070714713	2.4617170171774325	0.10888888888888888	1.738635776837117	0.3456872908534758	36	24	17	
2026-09-06T02:51:58+00:00	25bfffd2dfd5	0.5660373515858746	0.6274231692451302	0.5660373515858746	1.124070067222318	0.19392570304364076	0.7751698376885711	0.08475103527157773	-0.18585476070714713	2.44086706401832	0.10888888888888888	1.6606797641116144	0.318563670014935	36	24	17	
2026-09-06T02:52:04+00:00	4b9878e9c93b	0.14309588295633624	0.6665579101278313	0.14309588295633624	1.0670490191736843	0.17947269083397677	0.7641570219328522	0.07348899882880536	-0.1896025184403598	2.172477348260357	0.10888888888888888	1.630702570304981	0.28068434995459346	36	24	17	
2026-09-06T02:52:10+00:00	c29746953819	0.46267171490488485	0.6018155199504455	0.46267171490488485	1.0964461561143644	0.18847659650973703	0.7749540267055048	0.08023940564669949	-0.195775760743772	2.2955797672042677	0.10888888888888888	1.502928891666341	0.291625079284066	36	24	17	
2026-09-06T02:52:16+00:00	2dbb60d15c07	0.24365993064501074	0.4335624937744787	0.24365993064501074	0.9685506321194676	0.16814730770823072	0.7983920773709039	0.060526463593503076	-0.2194745091758522	1.6557670449038482	0.10888888888888888	1.6387281633254465	0.31345412663567185	36	24	17	
2026-09-06T02:52:27+00:00	d2fa8449f25d	0.6133966053739762	0.6274231692451305	0.6133966053739762	1.1363809243957697	0.19616849771646638	0.7734232135404655	0.08686523862585463	-0.18585476070714713	2.4944097248232677	0.10888888888888888	1.7193671146102332	0.347599784351883	36	24	17	
2026-09-06T02:52:33+00:00	c0140bbf9832	0.5985248754955563	0.5985248754955563	0.7092859932155983	1.1374574011372829	0.1970279821252059	0.7786237542283581	0.08699528384400645	-0.19123274262240086	2.5240192225168703	0.10888888888888888	1.7280745637521175	0.3311013058861054	36	24	17	
2026-09-06T02:52:41+00:00	2033f749aea3	0.5849550535259099	0.6274231692451305	0.5849550535259099	1.128250729249906	0.19470392763322786	0.7749208135576867	0.08543665332226122	-0.18585476070714713	2.4617170171774325	0.10888888888888888	1.738635776837117	0.3456872908534758	36	24	17	
2026-09-06T02:52:48+00:00	fb76a71ef4b1	0.6133966053739762	0.6274231692451305	0.6133966053739762	1.1363809243957697	0.19616849771646638	0.7734232135404655	0.08686523862585463	-0.18585476070714713	2.4944097248232677	0.10888888888888888	1.7193671146102332	0.347599784351883	36	24	17	
2026-09-06T02:52:56+00:00	9af5e64c3d9f	0.3963457758876546	0.6191893834421123	0.3963457758876546	1.1151646748676347	0.18723424600051164	0.7567937632473521	0.08087498300107411	-0.1816514927930849	2.410905611977244	0.10888888888888888	1.5493141414097082	0.31761500280446264	36	24	17	
2026-09-06T02:53:03+00:00	5ae685267811	0.4401207893021716	0.5743083904613493	0.4401207893021716	1.0922313554965963	0.18528913818374093	0.7684307221525911	0.07800442268629434	-0.19150942914039226	2.304460850806028	0.10888888888888888	1.5739042112874368	0.328774220773826	36	24	17	
2026-09-06T02:53:09+00:00	33885ce765da	0.45917260462514825	0.6427436650959863	0.45917260462514825	1.1221518482532717	0.18957632284078563	0.7657038561836912	0.08179959033924664	-0.1884839487062977	2.4950764666276375	0.10888888888888888	1.6158588610422995	0.3161216453410698	36	24	17	
2026-09-06T02:53:15+00:00	c1750f9f4896	0.45917260462514825	0.6427436650959863	0.45917260462514825	1.1221518482532717	0.18957632284078563	0.7657038561836912	0.08179959033924664	-0.1884839487062977	2.4950764666276375	0.10888888888888888	1.6676115266806115	0.3304142221800648	36	24	17	
2026-09-06T02:53:22+00:00	128d726bd145	0.38422258124700986	0.6653173682473872	0.38422258124700986	1.126577417007039	0.188691687598451	0.7579626957506094	0.08187886153360924	-0.17762927420273356	2.510376896354389	0.10888888888888888	1.6376228595385924	0.3092341068203759	36	24	17	
2026-09-06T02:53:29+00:00	5004b48e40a7	0.38422258124700986	0.6653173682473872	0.38422258124700986	1.126577417007039	0.188691687598451	0.7579626957506094	0.08187886153360924	-0.17762927420273356	2.510376896354389	0.10888888888888888	1.5685314063107423	0.27815353875825766	36	24	17	
2026-09-06T02:53:35+00:00	d8d1e451a798	0.4615545274778391	0.47777114342652893	0.4615545274778391	1.0163429149399388	0.1764348124466517	0.8043994964132292	0.06648002711441836	-0.20777737259111484	1.9772845905876002	0.10888888888888888	1.4909234223959642	0.21828474514384077	36	24	17	
2026-09-06T02:53:42+00:00	185f55ef4414	0.2484233388862019	0.8505816312961535	0.2484233388862019	1.0856444760289834	0.19562817238696217	0.8102643425647199	0.08310218553900964	-0.22447802270060235	2.208074590968957	0.19333333333333333	1.7485622153123845	0.20650598111941543	36	24	17	
2026-09-06T02:53:50+00:00	44252ad5bd39	0.4404237381569935	0.7092601400425453	0.4404237381569935	1.1093682679621575	0.19575790604963283	0.785516042856819	0.08580559831146017	-0.21099427421975492	2.2899647923732065	0.15555555555555556	1.6723375099028834	0.23553333727403314	36	24	17	
2026-09-06T02:53:56+00:00	0a222bd850fd	0.07711289765590992	0.6715204792362885	0.07711289765590992	1.0137285703171977	0.17749583560911186	0.8014994595795951	0.06822727077267202	-0.21513612807123506	1.8902716749636947	0.12666666666666668	1.7408049962355105	0.29950093685585366	36	24	17	
2026-09-06T02:54:04+00:00	1cf7021f7ad2	-0.012864148903647746	0.7467094447687985	-0.012864148903647746	1.0886784832220708	0.17998378076825716	0.7561429419396622	0.07456829192189682	-0.17657859683787058	2.350828474775959	0.10222222222222223	1.9803258802854184	0.40345714515236697	36	24	17	
2026-09-06T02:54:10+00:00	20b8f0af4895	0.11924176063809161	0.6567804297603873	0.11924176063809161	1.0702833196986918	0.17766161549058235	0.7668262246388085	0.07124415397937886	-0.19915066335220588	2.3122870990099442	0.09222222222222222	1.666304016800112	0.2931333669176479	36	24	17	
2026-09-06T02:54:16+00:00	ad74c0c2955e	0.19292903926423746	0.6838757044913892	0.19292903926423746	1.0897115224878104	0.1805656776808382	0.7707346211917053	0.0730142395673701	-0.2109879737240955	2.5202291822161875	0.08666666666666668	1.950860395795957	0.35837083766807076	36	24	17	
2026-09-06T02:54:23+00:00	548175c6d62b	-0.026620964145637197	0.7406283800114478	-0.026620964145637197	1.0892299293519352	0.1787647470490552	0.7660670543008046	0.0718919174019322	-0.1970402899753163	2.5566035371597935	0.07888888888888888	2.0523259374732277	0.4239398707212436	36	24	17	
2026-09-06T02:54:29+00:00	1b7786340fe1	-0.1587788771587548	0.8117370737220001	-0.1587788771587548	1.0952937766032982	0.17999462724868343	0.7623563716990587	0.0734305169434332	-0.18371653010643396	2.5337477747181207	0.08333333333333333	1.9531190455431753	0.3427450223059898	36	24	17	
2026-09-06T02:54:37+00:00	2020121e6dd3	0.21291483374921535	0.9232597143131602	0.21291483374921535	1.156122974828589	0.196266251498028	0.7785168446236265	0.08571580963108016	-0.16971384313716098	2.844139495961184	0.08222222222222222	1.844178617784065	0.32937221415468376	36	24	17	
2026-09-06T02:54:42+00:00	b3eb157f60b0	0.3044323638619163	0.7987627688291297	0.3044323638619163	1.1089896823480585	0.1894224402225484	0.7900369387130842	0.07868731473462595	-0.19257990975569272	2.5958134820500782	0.08333333333333333	1.7873017772791688	0.38255746045168415	36	24	17	
2026-09-06T02:54:48+00:00	4b0bd9d3af8e	-0.4158395415359443	0.9103078278686616	-0.4158395415359443	1.08032153724235	0.17743080890625285	0.7591228283937815	0.07177040676060747	-0.1851430719020326	2.3875823773097675	0.10888888888888888	1.650031287501807	0.24247298304508713	36	24	17	
2026-09-06T02:54:55+00:00	816c5a995463	-0.4158395415359443	0.9103078278686616	-0.4158395415359443	1.08032153724235	0.17743080890625285	0.7591228283937815	0.07177040676060747	-0.1851430719020326	2.3875823773097675	0.10888888888888888	1.650031287501807	0.24247298304508713	36	24	17	
2026-09-06T02:55:01+00:00	4933cb1e1dee	0.6422490128571665	0.6422490128571665	0.6808292384307629	1.173714039225644	0.19972578101411864	0.7613902773861674	0.09102629684796734	-0.18449152866066554	2.711235773998519	0.10888888888888888	1.7193671146102332	0.347599784351883	36	24	17	
2026-09-06T02:55:07+00:00	f8d90581618f	0.5341991807179652	0.5545766800132288	0.5341991807179652	1.1093703831046258	0.1878830875222257	0.7653853627892204	0.08050853774444794	-0.19238334771939236	2.39356262844808	0.10888888888888888	1.7340885951403018	0.3053394939350831	36	24	17	
2026-09-06T02:55:13+00:00	cafee9822499	0.2096347349639167	0.620246414225803	0.2096347349639167	1.0748232838304763	0.17952500723170628	0.7590641415856884	0.07395737124469903	-0.18133084172220582	2.223628221932445	0.10777777777777778	1.6214512520775881	0.3034994522158365	36	24	17	
2026-09-06T02:55:18+00:00	5237d8ab2234	0.31755871772515737	0.6202464142258033	0.31755871772515737	1.1005624202208244	0.18392563575493992	0.7564333538943517	0.0780081355546693	-0.18133084172220582	2.3527228738478407	0.10888888888888888	1.6510063035920752	0.32626359622173084	36	24	17	
2026-09-06T02:55:25+00:00	117c2fed2474	0.40956950366122563	0.49971263911270286	0.40956950366122563	1.0629302576484327	0.17847577095695333	0.7690859435857533	0.07190635578054125	-0.19739687387871574	2.20082710051574	0.10888888888888888	1.5505150846597164	0.2810431039921468	36	24	17	
2026-09-06T02:55:32+00:00	32cd43875b6f	0.40601789194375043	0.619189383442112	0.40601789194375043	1.1117439330770176	0.18763359526563028	0.7600253675926391	0.08091745987124513	-0.1816514927930849	2.383684248013873	0.10888888888888888	1.5777652605761574	0.2892475350657995	36	24	17	
2026-09-06T02:55:38+00:00	59d9ab874fd3	0.5969313178563196	0.6274231692451305	0.5969313178563196	1.132138444064589	0.19543490438205735	0.7740018344044074	0.08617834052292822	-0.18585476070714713	2.4743935356525144	0.10888888888888888	1.5717879440052553	0.30525906393177116	36	24	17	
2026-09-06T02:55:44+00:00	16c1b9794f03	0.3619621182484785	0.6707351690770649	0.3619621182484785	1.1196324165335994	0.1883271063123111	0.7603016093719698	0.08138710915255516	-0.17762927420273356	2.457521228742839	0.10888888888888888	1.6308727355575803	0.29508415692887646	36	24	17	
2026-09-06T02:55:50+00:00	61e1bbe01740	0.3619621182484785	0.6707351690770649	0.3619621182484785	1.1196324165335994	0.1883271063123111	0.7603016093719698	0.08138710915255516	-0.17762927420273356	2.457521228742839	0.10888888888888888	1.6308727355575803	0.29508415692887646	36	24	17	
2026-09-06T02:55:56+00:00	367d924161e4	0.37066106979874924	0.6686694903690024	0.37066106979874924	1.0907431493506634	0.18856583093158674	0.7811748580275315	0.07968037901128773	-0.18330766600289272	2.2747274993522413	0.1088888888888889	1.6423299688814104	0.2799306541562232	36	24	17	
2026-09-06T02:56:01+00:00	93371f7e1481	0.5693263539660578	0.5693263539660578	0.6397509552101156	1.1156739736484729	0.194413071711661	0.775653303111091	0.08543435586239861	-0.19319954797752492	2.3311523679872312	0.11	1.5814114895269284	0.2873208519407897	36	24	17	
2026-09-06T02:56:07+00:00	7a6724b0491e	0.2794308701204798	0.6590126493283328	0.2794308701204798	0.928872527594411	0.16733598327771726	0.8775728837731313	0.0504622156699455	-0.18940567982811252	1.6913339158565708	0.1088888888888889	1.5519635251606203	0.29568026265108704	36	24	17	
2026-09-06T02:56:13+00:00	4c6cb2c4f686	0.03415392504894055	0.6426710283617428	0.03415392504894055	0.8832609398862294	0.1632494384738592	0.894274534557918	0.045807409013230715	-0.18354561814209225	1.3201344955508365	0.11000000000000001	1.6232919303919384	0.2846940505576958	36	24	17	
2026-09-06T02:56:19+00:00	04948aa90782	0.5257733192033544	0.5257733192033544	0.6652083694278533	1.1191353358748146	0.19183399098289433	0.7652056967961494	0.08433288820813983	-0.19560969738459633	2.3646007926658243	0.10888888888888888	1.3686354682696418	0.23421411646500823	36	24	17	
2026-09-06T02:56:24+00:00	a69f2ff5c750	0.3703207163954518	0.6695880020786605	0.3703207163954518	1.0781038918064432	0.19086120397362372	0.7916224643424734	0.08078184666554647	-0.18010910448299777	2.1465358641249463	0.11000000000000001	1.816455540210595	0.3342293694597054	36	24	17	
2026-09-06T02:56:31+00:00	cbf0e915b4e7	0.3405278850531232	0.7734678402657229	0.3405278850531232	1.1732412431601766	0.1914535216639628	0.7498846851820863	0.0845255269109009	-0.17531602248549538	2.997169440139929	0.07888888888888891	1.4073167817233083	0.24275244225312176	36	24	17	
2026-09-06T02:56:36+00:00	e22cb45e6b85	0.3405278850531232	0.7734678402657229	0.3405278850531232	1.1732412431601766	0.1914535216639628	0.7498846851820863	0.0845255269109009	-0.17531602248549538	2.997169440139929	0.07888888888888891	1.4073167817233083	0.24275244225312176	36	24	17	
2026-09-06T02:56:42+00:00	7a2769af7dbc	0.3405278850531232	0.7734678402657229	0.3405278850531232	1.1732412431601766	0.1914535216639628	0.7498846851820863	0.0845255269109009	-0.17531602248549538	2.997169440139929	0.07888888888888891	1.4073167817233083	0.24275244225312176	36	24	17	
2026-09-06T02:56:48+00:00	11dc16558a02	0.3405278850531232	0.7734678402657229	0.3405278850531232	1.1732412431601766	0.1914535216639628	0.7498846851820863	0.0845255269109009	-0.17531602248549538	2.997169440139929	0.07888888888888891	1.4073167817233083	0.24275244225312176	36	24	17	
2026-09-06T02:56:55+00:00	8cf50553fdaa	0.3405278850531232	0.7734678402657229	0.3405278850531232	1.1732412431601766	0.1914535216639628	0.7498846851820863	0.0845255269109009	-0.17531602248549538	2.997169440139929	0.07888888888888891	1.4073167817233083	0.24275244225312176	36	24	17	
2026-09-06T02:57:02+00:00	dfb089f07c27	0.3405278850531232	0.7734678402657229	0.3405278850531232	1.1732412431601766	0.1914535216639628	0.7498846851820863	0.0845255269109009	-0.17531602248549538	2.997169440139929	0.07888888888888891	1.4073167817233083	0.24275244225312176	36	24	17	
2026-09-06T02:57:09+00:00	230da46344c2	0.31420026649799393	0.8157941111498488	0.31420026649799393	1.0680110840000099	0.19721909286989603	0.8269312398443789	0.08310955448879015	-0.22781598423532	2.0846946436107237	0.2566666666666667	1.3835341147068259	0.1596876770078819	36	24	17	
2026-09-06T02:57:18+00:00	0dbfbfae3a37	0.26429814327717926	0.879029761773007	0.26429814327717926	1.0739993812469968	0.19966998089942778	0.8297340285878704	0.08498218465911223	-0.22781598423532012	2.1016574339306984	0.25333333333333335	1.3883538029484044	0.15885680417726356	36	24	17	
2026-09-06T02:57:25+00:00	63aca60ac5c7	0.12483886825396324	0.879029761773007	0.12483886825396324	1.0505476459281227	0.19401320246276654	0.8262346060960555	0.08058664047410505	-0.22781598423532012	1.986238821885672	0.24666666666666667	1.6713363708591975	0.19195221506668947	36	24	17	
2026-09-06T02:57:32+00:00	d7174a774788	0.1306110151898561	0.9148032848268758	0.1306110151898561	1.06808103386601	0.19603765048674204	0.8210389995714863	0.08266355824950114	-0.2193601222980064	2.0819079301233536	0.24222222222222226	1.6713363708591975	0.19195221506668947	36	24	17	
2026-09-06T02:57:38+00:00	d9c4ae1fd544	0.1306110151898561	0.9148032848268758	0.1306110151898561	1.06808103386601	0.19603765048674204	0.8210389995714863	0.08266355824950114	-0.2193601222980064	2.0819079301233536	0.24222222222222226	1.6874705346702537	0.19712441306121353	36	24	17	
2026-09-06T02:57:46+00:00	285c43be638e	0.15492671486232326	0.7850422199772283	0.15492671486232326	1.0254963359501952	0.18730013385808642	0.8260541144782656	0.07459477804995644	-0.22765282981920898	1.8975466376098682	0.22222222222222227	1.6626376475325808	0.19832969757030616	36	24	17	
2026-09-06T02:57:53+00:00	591e94e3c57e	0.06553550980235362	0.8222806926478948	0.06553550980235362	1.028272207277679	0.18635290859922415	0.8206631881472402	0.07426041448645077	-0.22447802270060235	1.9186091279424256	0.21222222222222223	1.6651930576289888	0.19103658976999105	36	24	17	
2026-09-06T02:57:58+00:00	c61a53ce026e	0.34528880159634134	0.8505816312961535	0.34528880159634134	1.1002489617398685	0.19935355595304438	0.8129225888731211	0.08600194337339168	-0.22447802270060235	2.278860398439862	0.1977777777777778	1.6743978596197198	0.19441704764779466	36	24	17	
2026-09-06T02:58:04+00:00	39912e4b4ae0	0.5849550535259099	0.6274231692451305	0.5849550535259099	1.128250729249906	0.19470392763322786	0.7749208135576867	0.08543665332226122	-0.18585476070714713	2.4617170171774325	0.10888888888888888	1.738635776837117	0.3456872908534758	36	24	17	
2026-09-06T02:58:12+00:00	6845c726b193	0.24045988773448695	0.6266355980280245	0.24045988773448695	1.0187080444726297	0.18115476407752262	0.8050399240504486	0.07133744574244968	-0.2184276704410527	1.8684842929267613	0.09888888888888889	1.5842965635641226	0.2232196312971202	36	24	17	
2026-09-06T02:58:19+00:00	cab08f3c7279	0.4337446637319994	0.7932746230062127	0.4337446637319994	1.1929189911627514	0.20124650447118686	0.749888007347666	0.09360959123939286	-0.17384494777309556	2.773371157619921	0.08888888888888889	1.4492435771021872	0.2058042579257524	36	24	17	
2026-09-06T02:58:36+00:00	10f59eb5d9a2	0.23736414046240645	0.7495996564801042	0.23736414046240645	1.1077045316574057	0.18827340187669517	0.772083957880098	0.0801695657033469	-0.2113973506470388	2.4152345353694216	0.07222222222222223	1.7909469244245615	0.32600238429115325	36	24	17	
2026-09-06T02:58:52+00:00	c81d0985d63c	0.5228504721274995	0.5742576186527234	0.5228504721274995	1.031930800663036	0.18700886387812332	0.8250891225075775	0.07403593360569316	-0.2302353952255234	1.9674915205920618	0.11555555555555556	1.8485137120073345	0.4107903974947835	36	24	17	
2026-09-06T02:59:01+00:00	972d788fc164	0.4493942177825756	0.4493942177825756	0.5052760957915043	0.8518862612604969	0.16514684553582204	0.9622988929969629	0.040436834342946024	-0.2389641099137032	1.1900361683106369	0.13222222222222224	1.545741397497295	0.27832234686984614	36	24	17	
2026-09-06T02:59:16+00:00	fd30d25a0e16	0.4608680534894615	1.0845957484008353	0.4608680534894615	0.9682227165228133	0.18472187809863705	0.9309596416294679	0.05985850279461619	-0.2065054994765323	2.021397117512718	0.19333333333333333	1.3868264140298658	0.23393999710857583	36	24	17	
2026-09-06T02:59:25+00:00	7392d23be101	0.27267143637184577	0.49145946975220917	0.27267143637184577	1.0506335224304577	0.17504294414476984	0.7539838123973261	0.07085258686592918	-0.18593866896463385	2.056794435121007	0.11222222222222222	1.9908250649324493	0.40112541809992464	36	24	17	
2026-09-06T02:59:33+00:00	31f0ddf0a23f	0.26297097305240447	0.6413661490250429	0.26297097305240447	1.079867432919798	0.1831936173104951	0.7671285963475135	0.07645268203710637	-0.18420231650479102	2.2192058250598166	0.10777777777777778	1.5648099179209876	0.2874121072358051	36	24	17	
2026-09-06T02:59:39+00:00	c04955456af9	0.5849550535259099	0.6274231692451305	0.5849550535259099	1.128250729249906	0.19470392763322786	0.7749208135576867	0.08543665332226122	-0.18585476070714713	2.4617170171774325	0.10888888888888888	1.738635776837117	0.3456872908534758	36	24	17	
2026-09-06T02:59:46+00:00	70a38c6ddb9c	-0.2860592089904853	0.5133959064884761	-0.2860592089904853	0.9502202976751434	0.154970098560554	0.7616581959500642	0.052272454204070506	-0.21026928130663347	1.6218282897532856	0.09888888888888889	1.4359664741066553	0.24467334008583896	36	24	17	
2026-09-06T02:59:53+00:00	7e30cd1765e8	0.5849550535259099	0.6274231692451305	0.5849550535259099	1.128250729249906	0.19470392763322786	0.7749208135576867	0.08543665332226122	-0.18585476070714713	2.4617170171774325	0.10888888888888888	1.738635776837117	0.3456872908534758	36	24	17	
2026-09-06T02:59:59+00:00	2a1dacde3704	-0.167270600785071	0.4512961371841517	-0.167270600785071	0.9300623451506452	0.153931888914413	0.7697791605110774	0.05079418890482197	-0.2212218060490584	1.487172789857358	0.09444444444444446	1.636865102681294	0.2745157374855336	36	24	17	
2026-09-06T03:00:05+00:00	41de0a8f88b8	0.3619621182484785	0.6707351690770649	0.3619621182484785	1.1196324165335994	0.1883271063123111	0.7603016093719698	0.08138710915255516	-0.17762927420273356	2.457521228742839	0.10888888888888888	1.6308727355575803	0.29508415692887646	36	24	17	
2026-09-06T03:00:12+00:00	e11fafb805d7	0.3619621182484785	0.6707351690770649	0.3619621182484785	1.1196324165335994	0.1883271063123111	0.7603016093719698	0.08138710915255516	-0.17762927420273356	2.457521228742839	0.10888888888888888	1.6308727355575803	0.29508415692887646	36	24	17	
2026-09-06T03:00:19+00:00	c4158da1bde4	0.581237573358525	0.6203897425152105	0.581237573358525	1.1102531606433401	0.19344926866203815	0.7849868886917273	0.08335450537847855	-0.19385308151339287	2.374925471616651	0.10888888888888888	1.5458255350009795	0.29213016305596895	36	24	17	
2026-09-06T03:00:25+00:00	56d315259f39	0.5441429833662166	0.5441429833662166	0.5618976921315082	1.079292540606927	0.18648424237735228	0.7872448612701015	0.07704064364056304	-0.2135062744924513	2.2619886421467186	0.10888888888888888	1.6027826671266276	0.3011335077606401	36	24	17	
2026-09-06T03:00:31+00:00	05fa93968862	0.5623122382848295	0.5623122382848295	0.6908834930499278	1.1023627413181627	0.19264788520332443	0.7921046525275945	0.08179692947141676	-0.20574512591765093	2.3694255070444123	0.10888888888888888	1.61930887215446	0.2990520115177726	36	24	17	
2026-09-06T03:00:37+00:00	9574deb46ca3	0.5623122382848295	0.5623122382848295	0.6908834930499278	1.1023627413181627	0.19264788520332443	0.7921046525275945	0.08179692947141676	-0.20574512591765093	2.3694255070444123	0.10888888888888888	1.61930887215446	0.2990520115177726	36	24	17	
2026-09-06T03:00:43+00:00	a6ad2ec9eb78	0.5403234876144728	0.5403234876144728	0.6198099892491648	1.082375561408946	0.18938513199182228	0.7922683852549705	0.07912089624301197	-0.2072132603101835	2.2407258806748365	0.10888888888888888	1.5357472619030346	0.2752507010283398	36	24	17	
2026-09-06T03:00:50+00:00	694d0e85fb52	0.5509098883368349	0.5700389168269242	0.5509098883368349	1.0916580014638129	0.18979642340753955	0.7830126560695274	0.08049905549003294	-0.20193662522166989	2.2636341339314185	0.10888888888888888	1.6400534799890936	0.3229411414153056	36	24	17	
2026-09-06T03:00:57+00:00	0441e4de42f0	-0.0618888943174983	0.6857905310713277	-0.0618888943174983	1.0754512264907423	0.17382457993864442	0.7486715136488012	0.069663574456104	-0.19433617469282682	2.3784049685944813	0.10777777777777778	1.5118741494041619	0.2663573006386388	36	24	17	
2026-09-06T03:01:03+00:00	b7bf50006481	0.5058472582128046	0.6274231692451308	0.5058472582128046	1.1155836875015257	0.19062625398679045	0.7729362239255391	0.08202429698979986	-0.18585476070714713	2.4380693141040473	0.10888888888888888	1.7296046674996457	0.3442991942286191	36	24	17	
2026-09-06T03:01:10+00:00	a52f9c180186	0.5362520545872111	0.6354232197349305	0.5362520545872111	1.101298053436492	0.19132486850345587	0.7880415331073461	0.08112079172873779	-0.19485890986487464	2.3667653065837393	0.10888888888888888	1.678161287963964	0.2987353050813091	36	24	17	
2026-09-06T03:01:16+00:00	1f80bc8123f7	0.46951811435918456	0.6281128931590965	0.46951811435918456	1.0802090223572314	0.18781889959101083	0.7924577664640032	0.07763744744784053	-0.19485890986487464	2.2693538116226906	0.10888888888888888	1.8383834817580103	0.31868743240397035	36	24	17	
2026-09-06T03:01:22+00:00	7b289432ddd2	0.6716654365981415	0.6716654365981415	0.7145150647733013	1.1282296910270546	0.19962099980966674	0.7998919109184273	0.08693100805717666	-0.19938838699728145	2.5093611755215477	0.10888888888888888	1.6415598603010353	0.2843884473944138	36	24	17	
2026-09-06T03:01:29+00:00	5841ab10e362	0.6716654365981415	0.6716654365981415	0.7145150647733013	1.1282296910270546	0.19962099980966674	0.7998919109184273	0.08693100805717666	-0.19938838699728145	2.5093611755215477	0.10888888888888888	1.6970164825431509	0.29844156349864237	36	24	17	
2026-09-06T03:01:35+00:00	6e10634254de	0.5849550535259099	0.6274231692451305	0.5849550535259099	1.128250729249906	0.19470392763322786	0.7749208135576867	0.08543665332226122	-0.18585476070714713	2.4617170171774325	0.10888888888888888	1.738635776837117	0.3456872908534758	36	24	17	
2026-09-06T03:01:41+00:00	efcb7e3d905f	0.5849550535259099	0.6274231692451305	0.5849550535259099	1.128250729249906	0.19470392763322786	0.7749208135576867	0.08543665332226122	-0.18585476070714713	2.4617170171774325	0.10888888888888888	1.738635776837117	0.3456872908534758	36	24	17	
2026-09-06T03:01:48+00:00	913704bbecb4	0.5849550535259099	0.6274231692451305	0.5849550535259099	1.128250729249906	0.19470392763322786	0.7749208135576867	0.08543665332226122	-0.18585476070714713	2.4617170171774325	0.10888888888888888	1.738635776837117	0.3456872908534758	36	24	17	
2026-09-06T03:01:55+00:00	1842d575e104	0.46208864248652615	0.5970643938442143	0.46208864248652615	1.0974002064160662	0.18769211912642914	0.7726861626391317	0.07965176740427628	-0.18784640866474334	2.318261677793937	0.10888888888888888	1.738635776837117	0.3456872908534758	36	24	17	
2026-09-06T03:02:01+00:00	358016d3ba4d	0.4563263253302467	0.6077526951741199	0.4563263253302467	1.1103043495135103	0.18857634640811738	0.7655570128065344	0.0811518419112125	-0.18252810240971262	2.3806077923709434	0.11222222222222222	1.8169370865405623	0.35135030354577146	36	24	17	
2026-09-06T03:02:07+00:00	07bda8c8b1d0	0.32998858151698685	0.6653019952893097	0.32998858151698685	1.1113007182888461	0.18745660469398162	0.7602501576132238	0.080715212362552	-0.17489396676747893	2.3871137089526226	0.11555555555555556	1.6275844278656364	0.29232933169245623	36	24	17	
2026-09-06T03:02:14+00:00	2da9e11b475c	0.3122747047284966	0.7869897199300685	0.3122747047284966	1.1511975357961817	0.19535232459453655	0.7573158410934366	0.08783726211978617	-0.15432661770636946	2.5561097559863617	0.11888888888888889	1.7334720575448372	0.30766698400046977	36	24	17	
2026-09-06T03:02:22+00:00	600af76e9b31	0.32395612696206744	0.6789468218903142	0.32395612696206744	1.0664650125525128	0.18661881856786566	0.7916269067274431	0.07700020772206435	-0.20552520274794062	2.139083313217957	0.1288888888888889	1.6076021915356213	0.2893249420108215	36	24	17	
2026-09-06T03:02:30+00:00	6fdfe70ed70e	0.5849550535259099	0.6274231692451305	0.5849550535259099	1.128250729249906	0.19470392763322786	0.7749208135576867	0.08543665332226122	-0.18585476070714713	2.4617170171774325	0.10888888888888888	1.738635776837117	0.3456872908534758	36	24	17	
2026-09-06T03:02:37+00:00	5f1f4c350c3b	0.5849550535259099	0.6274231692451305	0.5849550535259099	1.128250729249906	0.19470392763322786	0.7749208135576867	0.08543665332226122	-0.18585476070714713	2.4617170171774325	0.10888888888888888	1.738635776837117	0.3456872908534758	36	24	17	
2026-09-06T03:02:44+00:00	89ff4309fb6d	0.5849550535259099	0.6274231692451305	0.5849550535259099	1.128250729249906	0.19470392763322786	0.7749208135576867	0.08543665332226122	-0.18585476070714713	2.4617170171774325	0.10888888888888888	1.738635776837117	0.3456872908534758	36	24	17	
2026-09-06T03:02:51+00:00	2924f2cd4b8e	0.5849550535259099	0.6274231692451305	0.5849550535259099	1.128250729249906	0.19470392763322786	0.7749208135576867	0.08543665332226122	-0.18585476070714713	2.4617170171774325	0.10888888888888888	1.738635776837117	0.3456872908534758	36	24	17	
2026-09-06T03:02:59+00:00	298b48533d78	0.5849550535259099	0.6274231692451305	0.5849550535259099	1.128250729249906	0.19470392763322786	0.7749208135576867	0.08543665332226122	-0.18585476070714713	2.4617170171774325	0.10888888888888888	1.738635776837117	0.3456872908534758	36	24	17	
2026-09-06T03:03:07+00:00	01cce571cc44	0.5849550535259099	0.6274231692451305	0.5849550535259099	1.128250729249906	0.19470392763322786	0.7749208135576867	0.08543665332226122	-0.18585476070714713	2.4617170171774325	0.10888888888888888	1.738635776837117	0.3456872908534758	36	24	17	
2026-09-06T03:03:13+00:00	2bd124bb83c9	0.4034635951054352	0.5482142160180692	0.4034635951054352	1.0819216781929475	0.18345572957186929	0.7629622941873434	0.07719319822196058	-0.1975844366402406	2.203140011168501	0.09555555555555556	1.9587925521865017	0.34332971329664863	36	24	17	
2026-09-06T03:03:19+00:00	1e07c6e0c849	0.5849550535259099	0.6274231692451305	0.5849550535259099	1.128250729249906	0.19470392763322786	0.7749208135576867	0.08543665332226122	-0.18585476070714713	2.4617170171774325	0.10888888888888888	1.738635776837117	0.3456872908534758	36	24	17	
2026-09-06T03:03:26+00:00	2de3edea3979	0.29267225696907856	0.6739086555926951	0.29267225696907856	1.0729292872973366	0.18549330692124943	0.7845685799824422	0.07665515211282214	-0.19331228744491202	2.1956986746917546	0.10888888888888888	1.7996085801654218	0.29667112179749244	36	24	17	
2026-09-06T03:03:33+00:00	c2c71c71ce2e	0.43664642821755706	0.5716502044040638	0.43664642821755706	1.0784977260891415	0.1834476185150664	0.7776302669358645	0.07536341705024974	-0.21461637713594983	2.28109075295128	0.1088888888888889	1.9204554447415128	0.3193948802396962	36	24	17	
2026-09-06T03:03:40+00:00	b71001c3c3f6	0.4541823251583301	0.6597142528897214	0.4541823251583301	1.1351652213926056	0.1891907880631587	0.7610203500753783	0.08171707168207862	-0.18342619754469536	2.647745584092884	0.1088888888888889	1.7775794771064315	0.3314333569255188	36	24	17	
2026-09-06T03:03:46+00:00	908aba6ac4f1	0.04326003561287398	0.6909783160136277	0.04326003561287398	0.8830108224571052	0.16323787308852689	0.8935420450045135	0.04580970647309336	-0.17630045845123254	1.3168156266605096	0.1088888888888889	1.7738023910684722	0.3428355579849456	36	24	17	
2026-09-06T03:04:02+00:00	efbbe294f3c3	0.47123517848602847	0.47123517848602847	0.6836256984483435	1.0766196828417256	0.18706801562887798	0.7897298267029945	0.07738364746371793	-0.20608623043222718	2.228300469172213	0.10444444444444444	1.408528363545076	0.21698953335000493	36	24	17	
2026-09-06T03:04:10+00:00	2a6f2f92c1ee	0.5849550535259099	0.6274231692451305	0.5849550535259099	1.128250729249906	0.19470392763322786	0.7749208135576867	0.08543665332226122	-0.18585476070714713	2.4617170171774325	0.10888888888888888	1.738635776837117	0.3456872908534758	36	24	17	
2026-09-06T03:04:16+00:00	9024505e496a	0.5849550535259099	0.6274231692451305	0.5849550535259099	1.128250729249906	0.19470392763322786	0.7749208135576867	0.08543665332226122	-0.18585476070714713	2.4617170171774325	0.10888888888888888	1.738635776837117	0.3456872908534758	36	24	17	
2026-09-06T03:04:23+00:00	5f047a215286	0.5849550535259099	0.6274231692451305	0.5849550535259099	1.128250729249906	0.19470392763322786	0.7749208135576867	0.08543665332226122	-0.18585476070714713	2.4617170171774325	0.10888888888888888	1.738635776837117	0.3456872908534758	36	24	17	
2026-09-06T03:04:29+00:00	6202a84ea687	0.5849550535259099	0.6274231692451305	0.5849550535259099	1.128250729249906	0.19470392763322786	0.7749208135576867	0.08543665332226122	-0.18585476070714713	2.4617170171774325	0.10888888888888888	1.738635776837117	0.3456872908534758	36	24	17	
